2. GRUPE 1. GRUPA 1 KOM PMR-2A 3 KOM PMA-2,2 GRUPE 1. GRUPA 1 KOM PMR-2A 3 KOM PMA-2
RUČNO I MINA STROJEV RASPOREKOM DIO M,RUČNO NAČIN STROJEVI RASPORED GRUPA MINA
130,1330
2 KOM,22 KOM.
STRANU ISTROČNO OD MINE,STRANU ISTOČNO OD MINE
NIE OSTAVLJEN,NIJE OSTAVLJEN
RANA NIS MIE TRANO NTI 20U,MEŠOVITE POLJE UGRAĐENO 100 TMM 200
5B,106
RUČNO UKAPANJEM PMA-2,RUČNO UKOPAVANJEM PMA-2
NEMA I,NEMA IH
RUČNO UKOPAVNANUE U LEŽEĆEM STRANU,RUČNO UKOPAVANJE U LEŽEĆEM STAVU
87,67
10,VOD
RUČNO POLOŽENE,RUČNO POLOŽENO
TMEN BONU POTE TMA-3 I 7 PMA-2 2 DAPA TA 3 TMA-35 1 PMA-2,NOM DJELU PUTA 1 TMA-3 I 4 PMA-2 A DRUGA GRUPA 2 TMA-3 I 4 PMA-2
1 GRUPA 3 REDA,1 GRUPA U 3 REDA
KOAKAO DMINEAOD SRDINE MINE PAMR-2A O 10 KORA,KORAKA ODMAK OKO 10 KORAKA
RUČNA,RUČNO
2. GRUPA 3 KOM PMA-2,2 GRUPA 3 KOM PMA-2
MINE SU JEDVIM DEOM UKOPANJE N1 DEUI,MINE SU JEDNIM DJELOM UKOPANE A DRUGI
3 REDA UVKOM REDU PO 5 MINA PMR-2A,3 REDA U SVAKOM REDU PO 5 MINA PMR-2A
HCRL,HCRLL
1 RED PMAPA,1 RED MEP-A
PROTITEADISK MINE PROM-1 6,PROTUPJEŠADIJSKE MINE PROM-1 = 65
RUČNO-STROJEVIM RASPOREDOM,RUČNO STROJEVIM RASPOREDOM
PRTIEASKI MES DRUNU R 1 REA,PRVI RED 24 MES DRUGI RED 21 MES-A
PROTIV PEŠADIJSKE MINE ZA DEJSTVO NA POTEZU UGRAĐEN,PROTIV PEŠADIJSKE MINE ZA DEJSTVO NA POTEZ UGRAĐENO
NIJE OSAVJEN,NIJE OSTAVLJEN
7 KOMDA PRM-1A2,7 KOMADA PRMM-A2
2. GRUPE 1. GRUPA 1 KOM PMR-2A 3 KOM PMA-2,2 GRUPE 1 GRUPA 1 KOM PMA-2A 3 KOM PMA-2
84,64
PREIVOEOPNO MINSKO POLJE,PROTIVOKLOPNO MINSKO POLJE
PO JEANA I KADU 3 DEI TR3STRV JMANE A PATA,1 PO RED 30 KOM PMA-2 1 GRUPA 29 KOM. TMM-1 PRVI 8 I KOM TREĆI 1 RED GRUPA PTM TMA-3 DRUGI RED 4 KOM. PPM
NEMA PROLZA,NEMA PROLAZA
139,1339
PROA-1 KOM 20,PROM-1 KOM 86
RUČNO KRAENE,RUČNO DVOREDNO
RUČNI,RUČNO
NISI MIE PO MIA,MINSKO POLJE JE URA
28 KOMADA 2 REDA PTMA-4 NA PUTU 6 KOM. 1 RED,28 KOMADA 2 REDA PTMA-4 NA PUTU 5 KOM 1 RED
DIE GRUPE ZA JED,DVIJE GRUPE NA JED-
REDU PO 16 TMA-4 TRL KEDU PO 2 PMA-2A 4 RED28,REDU PO 16 TMA-4 U I II I III REDU PO 32 PMA-2A I IV REDU 48
139,155
MEŠOVO MINSKO POLJE UGRAĐENO,MEŠOVITO MINSKO POLJE UGRAĐENO
TMA-4 I 20 PMA-2,TMA-4 I 240 PMA-2
N U 4 REDA U 1. REDU 4 MINE NA AV. PUTU U . REDU 3 MINE NA PUTAU,NE U 4 REDA U 1. REDU 4 MINE NA ASV. PUTU U 2. REDU 3 MINE NA PUTU
G 1 REDA R 1 TROM,GR 1 PROM GR 1 PROM
3 GRUPA OM PMA-2,3. GRUPA 9 KOM PMA-2
I 46 TMA-5 I 20 PMN PMA-2,I 46 TMA-5 I 200 PPMN PMA-2
TM-M1 KOM 3,TMM-M1 KOM 35
3. GRUPA 3 KOM. 3 GMUPA 3 KOM GRGRUPA 3 KOM.,2 GRUPA 3 KOM. 3 GRUPA 3 KOM. 4 GRUPA 3 KOM.
PO 63 KOM PRVI I TREI RED 1 RED PTMA-2 5,PO 63 KOM PRVI 1 RED PMA-2 85
70,VOD
IE 1 KOM TMO 6,1 RED 181 TMKD-6
2 GRUPA 3 KOM PMA-2,2. GRUPA 3 KOM PMA-2
3104,31094
I 5 PA-2 A 5 TMA-4 I 30 PMA-2,I 50 PMA-2 4. RED 25 TMA-4 I 25 PMA-2
2 KOM PMR-2A KASPAEKZ,2 KOM PMR-2A NEPRIJATELJ
RUČNO UKAPANJE,RUČNO UKOPANE
PROM2DI 18 KOM. MINE UGANEZANG DEJSTVNA RAI UGRAĐNO 4 KOM.,PRM-2A 13 KOM. MINE USMJERENOG DEJSTVA MRUD UGRAĐENO 4 KOM.
PROTITENEKOVSK MINE PM3 KOM,PROTUTENKOVSKE MINE PTM-3 = 1070
70,709
RUČA,RUČNO
PMRSIA,MARKUSICA
1956,11956
MINA ZA DEJSTO 1A NEIE PMA-4 6 KOM. RETOUSKA MINA OATAJUTE,MINA ZA DEJSTVO NA NAGAZ PMA-2 8 KOM. TENKOVSKA MINA ANTIMAGNE-
RUČNO STROJEVI RASPOREDOM 1. NAČIN,RUČNO STROJEVIM RASPOREDOM 1. NAČIN
NIE OSALJEN,NIJE OSTAVLJEN
RU 0 PROM-1 DERIKO U TEIU RADNO,ŽICA OD PROM-1 OKRENUTA U JEDNU STRANU
BROJ REDOVA 2,BROJ REDOVCI 2
PROTVEPNO MINSOA POJE,PROTIVOKLOPNO MINSKO POLJE
UGRAĐENO 42 KOM.,UGRAĐENO 12 KOM.
KOIV PEDADIEJNE OSLJENO NA PJOEZU,PROTIV PEŠADIJSKE MINE ZA DEJSTVO NA POTEZ
GRUPA MINA 12 OM,GRUPA MINA 12 KOM
UGRAĐNA MIA 3 KOM. MI PZMINA RAPDANDA URANAĐADOM 1 KOM.,OBRAMBENA M-75 3 KOM. 3 MRUD MINA RASPRSKAVAJUĆA USMJERENOG DEJST. 1 KOM.
PROM-1 40 + 10 + 12 + 4 + 26 =92 KOM,PROM-1 40 + 10 + 12 + 4 + 26 = 92 KOM
1EMINA PM-1,8 MINA PTMM-1
1,14
NIJE OSAVLJEN,NIJE OSTAVLJEN
DOLJ KIUE OAPAZA,OBLIK MINSKE ZAPREKE
2. GRUPE 1. GRUPA U 2 REDA,2. GRUPE 1. GRUPA U 3 REDA
RUČNO RASPAVNAN,RUČNO NEPRAVILAN
0,9
3139,31139
3021,33021
1. GRUPA 6 KOM PMA-2 2. GRUPEA 1 KOM PMR-2A,1. GRUPA 6 KOM PMA-2 2. GRUPA 1 KOM PMR-2A
20 PMA MA-2,200 PPMN PMA-2
HCRL,HCRLL
KEUA BESTA,KORISTITI CESTA
20 RE PM3,20 HES PAM3
3. RED 1 K PMA-2,3 RED 1 K PMA-2
1O,ISTO
MINI PROL,MINSKOM POLJU
U RAOM REDU PO 2 I MA M 1A,U SVAKOM REDU PO 273 + NA CESTI 88
JEAN RED,JEDAN RED
E MINA PMR-2A DRE RED 5 PMR-2A,6 MINA PMR-2A DRUGI RED 5 PMR-2A
UGRAĐENO 1 JEDANAEST PMR-2A,UGRAĐENO 11 JEDANAEST PMR-2A
MA12T,494
TM-1 KOM 12,TMM M-1 KOM 12
2. RED 1 K. PMR-2A 2 K. PMA,2. RED 1 K PMR-2A 2 K PMA
139,1139
1 RED PMREPA,1 RED MEP-A
PROLAZ KROZ MINSKO POLJE NIJE OTAVJEN,PROLAZ KROZ MINSKO POLJE NIJE OSTAVLJEN
1. RED 16 TM-1 14 TMA-3 2. RED 16 TM 1 14 TMA-3,1 RED 16 TMM-1 14 TMA-3 2. RED 16 TMM 1 14 TMA-3
3. RED 1 K PMA-2,3. RED 1 K. PMA-2
PRP 49 KOM PMR-2A,PPMEP 45 KOM PMA-2A
RANA MI I TRUVNO LI 2U,MEŠOVITE POLJE UGRAĐENO 100 TMM 200
30959,30969
HCRL,HCRLL
0,3
RUČNO UKOPANO U ASVALT 2-RED POVEZAN,RUČNO UKOPANO U ASVALT 2 RED POVEZAN
MARNIA,MARKUSICA
NEM RUČKA,LEŽEĆI RUČNO
16 KOMADA U SVAKOM REDU,15. KOMADA U SVAKOM REDU
UGRAĐENO 14 TM-4 20,UGRAĐENO 14 TM-4 + 20
MEŠOVPO MINSKO POLJE UGRAĐENO,MEŠOVITO MINSKO POLJE UGRAĐENO
1 RED MINA U KOM,1. RED MINA U KOJEM
PTM-1 12 KOM,PTMM-1 12 KOM
25,5
UGRAĐENO PROSIVPEŠADIJSKA OATIJENA,UGRAĐENO PROTIVPEŠADIJSKA ANTIMAGNETNA
4,6
1 20 PU,1 RED PMR
RUTAVENO,OSTAVLJEN
RETRI REDA U,ČETIRI REDA U
METANA-2 REKA PUTA SA DRARENU ASTAVJENO 2 MINE,METALNA PREKO PUTA ZA KOLDRINU POSTAVLJENO 2 MINE
NIJE OSTAVLJI MOLE S,NIJE OSTAVLJEN MOŽE SE
ZAIAEANE PROZNA KOZ KROASKE,ZATVARANJE PROLAZA KROZ KANALE
PROTIVPEŠADIJSKA MINA ZA DREJTO NA,PROTIVPEŠADIJSKA MINA ZA DEJSTVO NA
34 TMA-3 1 PROM-1,24 TMA-3 4 PROM-1
PROLANA REDA,PROLAZA NEMA
UGRAĐENO 4 PMR-2A,UGRAĐENO 9 PMR-2A
NLEA NRAE,NEPRAVILAN
RUČNO UKAPANE PMA-2,RUČNO UKOPANE PMA-2
PROMA 4 1,PROLAZ 4 M
2 KOM PMR-2A KAPANE,2 KOM PMR-2A NEPRIJATELJE
PMA-2A 80 KOMADA PTM-4 42 KOMADA,PTAM-2A 20 KOMADA PTAM-4 12 KOMADA
OSTANLENI,OSTAVLJEN
NEČNO U TRASKO MIE DINE U PRVAENU,100 M ISPRED IVICE ŠUME U PRAVCU
MEŠOVITO MINSKO POLJE UGRAĐENO 28 TM-1,MEŠOVITO MINSKO POLJE UGRAĐENO 28 TMM-1
1 RED KOMADA,1 RED 7 KOMADA
RUČNO 1 GRUPA MINA U 2 REDA PO 8 M.,RUČNO 1 GRUPA MINA U 2 REDA PO 6 KOM.
HRANILICE ZA DILJAČ,HRANILICE ZA DIVLJAČ
20 PA TMA-2,200 PPMN PMA-2
PROMA-1 12 KOM,PROM-1 13 KOM
BLI,BLINJI
RUČNO UKOPANE POLAGANJE,RUČNO UKAPANJE POLAGANJE
P MINSKO POLJE,PP MINSKO POLJE
PMRA3 PO 12 MINA 4 PREDU,TMA3 PO 12 MINA U REDU
98,92
MINSKO POLJE ETAVLJENU,MINSKO POLJE POSTAVLJEN
BI,BROJ
DVIJE GRUPE JEDNA S VIJEVE STRANE,DVIJE GRUPE JEDNA S LIJEVE STRANE
1 GRUPA 3 REDA 1. RED 1 K PMR-2A 3 . PMA-,1 GRUPA 3 REDA 1. RED 1 K. PMR-2A 3 K. PMA-2
31,51
1 RED PMA-2 23 KOM PRU I RES KOD PRAM DRIN KOD PTM,1 RED PMA-2 29 KOM. PRVI I TREĆI RED PTM DRUGI RED PPM.
120 PU S,1 RED PMR-2A
ZA ZEŠAVAJE KOMAZA,ZA ZAPREČAVANJE KANALA
MA 3 TMA-2 KOM3,TNA 3 TMA-3 KOM. 3.
UGRAENO PROSTIVPEŠADIJSKIH MINA ZA DEJSTVO,UGRAĐENO PROTIV PREŠADIJSKIH MINA ZA DEJSTVO
1307,1707
NEMA PROLZA,NEMA PROLAZA
30 TMA-4 40 PMA-2,96 TMA-4 I 48 PMA-2
RUČNO UKOPANE POLAGANJE,RUČNO UKAPANJE POLAGANJE
PROLŽNI LAMU RUA,LEŽEĆI STAV RUČNO
1. GRUPA 2 REDU,1. GRUPA U REDU
D6 PED,46 MES
MAGAZNA PM-1 12,NAGAZNA PPM-1 12
1 5 PMA-2 4. RED 25 TMA-4 25 PMA-2,I 30 PMA-2 4. RED 25 TMA-4 I 25 PMA-2
20 KOM PMA-2 ŠIPRAŽJA,20 KOM PMA-2 3 PRAŽJA
50676,50678
U 1. REDU 9 KOM T-4 U 2. REDU STM-4,U 1. REDU 9 KOM TM-4 U 2. REDU STM-4
I 5PA-2 ANA 3 TMA4 30 PMA-2,I 50 PMA-2 I 4. RED 25 TMA-4 25 PMA-2
131,1331
5MOBNO,5 MTB
KO3,BEN
1984,1234
NA,NO
PROTIVPJEŠADIJSKO 4 KOM M SK,PROTUPJEŠADIJSKA 4 KOM PMR-2A
UGRAĐENO 3 KOM,UGRAĐENO 3 KOM.
3230,33238
2 KOM PMR-2A MASPOEK,2 KOM PMR-2A NEPRIJATELJ
1 GRUPA 3 REDA 1. RED 1 . PMR-2A 3 2 PMA-2,1 GRUPA 3 REDA 1 2 RED RED 1 1 K K PMR-2A PMR-2A 3 2 PMA-2 PMA
RETRI REDA U,ČETIRI REDA U